identity_score,similarity_score,face_detected,person_count,phone_detected,book_detected,laptop_detected,yaw,pitch,roll,gaze_horizontal,gaze_vertical,gaze_away_ratio,face_missing_duration,repeated_violation_flag,label
0.856,0.859,1,1,0,0,1,-5.56,-11.42,-6.18,12.98,27.87,0.57,4.87,0,1
0.676,0.861,1,1,0,1,0,-22.66,12.49,10.94,-16.38,-10.61,0.29,4.88,0,1
0.65,0.972,1,1,0,0,0,-32.84,-9.92,10.73,29.36,27.35,0.11,3.04,0,1
0.793,0.936,1,1,0,0,1,-10.97,21.43,6.85,-11.26,-7.43,0.61,0.82,0,1
0.867,0.756,1,3,0,0,0,-13.7,5.24,11.47,27.36,13.56,0.4,1.64,0,1
0.736,0.825,1,2,0,1,1,32.49,17.86,16.81,-35.56,7.15,0.55,1.13,1,1
0.982,0.751,1,1,0,0,0,27.6,6.4,7.04,39.17,-16.45,0.24,4.9,1,1
0.851,0.648,1,1,0,0,0,-17.84,9.12,-6.12,24.36,21.61,0.23,4.57,1,0
0.762,0.716,1,1,0,0,0,-27.41,-24.77,-15.31,-5.83,-12.3,0.12,2.11,0,1
0.723,0.596,1,1,0,0,1,31.74,20.86,9.0,-39.24,29.68,0.5,0.9,0,1
0.701,0.843,0,1,0,0,0,-4.68,17.7,-4.55,-26.0,-2.26,0.58,1.76,0,1
0.871,0.634,1,1,0,0,0,-21.62,21.37,-12.2,33.94,-16.62,0.72,0.45,0,1
0.743,0.759,1,1,0,0,0,23.97,-20.07,8.79,24.52,-29.33,0.32,5.74,0,1
0.576,0.976,1,2,0,0,1,24.2,-18.75,-2.84,4.22,21.28,0.66,5.15,0,1
0.725,0.564,1,3,0,0,1,4.02,-6.16,-15.82,-12.27,13.79,0.21,0.01,0,2
0.875,0.617,1,1,0,0,1,-27.43,-18.37,11.82,29.75,-8.12,0.33,0.83,1,1
0.63,0.681,1,3,0,1,1,33.73,-0.92,-12.14,4.36,-10.94,0.55,1.93,1,1
0.627,0.964,1,2,0,1,0,-34.57,23.61,-19.08,-23.33,-10.55,0.53,0.81,1,1
0.784,0.95,1,1,0,0,0,22.13,6.2,-7.31,20.7,-12.03,0.34,5.15,0,1
0.784,0.621,1,1,0,1,0,-8.12,23.26,-13.69,13.48,-3.92,0.08,4.38,1,0
0.829,0.982,1,1,0,0,1,31.82,-4.62,-1.56,-9.13,-0.39,0.66,1.43,0,1
0.924,0.88,1,3,0,0,0,32.4,-9.75,9.55,-36.97,-13.69,0.34,3.89,1,1
0.869,0.788,1,2,0,0,0,19.01,-16.32,-3.84,-28.26,-27.84,0.21,1.05,1,2
0.819,0.96,1,1,0,0,1,-14.93,-0.49,10.37,9.71,-14.61,0.58,2.08,0,1
0.868,0.937,1,1,1,0,1,-33.38,-24.59,6.71,30.75,11.32,0.03,3.39,1,1
0.692,0.722,1,1,0,1,0,34.34,-12.61,-14.37,-20.33,-23.65,0.45,2.01,0,1
0.709,0.839,1,1,0,0,0,28.49,11.6,-3.2,-11.73,-25.77,0.39,0.0,0,1
0.65,0.835,1,1,0,1,0,-1.98,10.43,1.29,13.43,-28.93,0.31,2.73,1,1
0.679,0.694,1,1,0,0,0,21.46,-2.65,-6.78,29.6,15.99,0.25,0.6,1,1
0.828,0.629,1,1,0,0,1,-4.92,-23.68,-2.57,36.94,14.11,0.01,0.64,0,0
0.591,0.755,1,3,0,0,0,1.09,14.91,11.64,-37.61,-4.47,0.32,3.53,0,1
0.741,0.666,1,1,0,1,0,0.16,12.84,18.27,-15.18,-20.23,0.63,5.74,0,1
0.74,0.706,1,1,0,0,0,-22.71,-7.21,6.19,9.48,-18.75,0.16,3.18,0,1
0.767,0.97,1,1,0,0,0,-2.28,13.23,-0.78,-27.92,3.78,0.4,0.88,0,1
0.737,0.753,1,1,0,1,0,-2.19,21.55,-14.63,-23.01,18.07,0.24,1.92,1,0
0.687,0.851,1,3,0,0,0,28.32,21.83,-13.73,31.99,25.44,0.36,0.46,0,1
0.738,0.698,0,1,0,1,0,12.34,12.27,-17.84,-7.82,-25.32,0.3,4.62,0,1
0.943,0.988,1,3,1,0,0,8.48,8.92,-10.78,-4.03,-14.0,0.39,2.65,0,1
0.965,0.84,1,3,0,0,0,12.19,2.42,-10.61,-5.22,10.51,0.52,2.83,0,1
0.771,0.636,1,1,0,0,0,7.09,-20.69,-11.92,14.81,-19.95,0.07,2.01,0,0
0.825,0.593,1,1,0,0,0,-19.92,-17.22,17.93,18.94,14.07,0.37,2.23,0,1
0.601,0.965,1,1,0,0,0,-26.82,-7.27,-1.23,18.14,17.57,0.69,2.04,1,1
0.69,0.966,1,1,0,0,1,29.45,4.46,5.84,22.0,-10.14,0.75,5.15,0,1
0.733,0.823,1,2,0,1,0,18.77,2.47,-10.52,-0.45,-5.85,0.14,2.84,0,1
0.931,0.557,1,2,0,0,0,-17.85,12.14,2.98,4.11,22.64,0.13,0.24,0,2
0.66,0.649,0,3,0,0,1,17.62,-8.74,12.32,-0.65,1.29,0.02,2.78,0,2
0.763,0.903,1,1,0,0,0,-22.5,-7.81,-12.34,21.82,5.54,0.75,5.87,0,1
0.984,0.935,1,1,0,0,0,16.72,8.23,7.82,20.78,-24.95,0.69,5.82,0,1
0.779,0.75,1,1,0,0,0,-7.5,-17.97,0.72,-38.43,-26.97,0.64,5.18,1,1
0.82,0.711,0,1,0,0,0,-34.45,1.47,-1.59,-14.4,6.26,0.66,4.63,0,1
0.603,0.671,1,2,1,0,0,-30.05,-3.95,1.15,-13.04,20.49,0.24,3.41,0,1
0.914,0.601,1,1,1,0,0,-1.95,-7.49,6.81,-37.63,19.81,0.39,4.5,0,1
0.815,0.601,1,1,0,0,0,-32.83,0.9,5.49,25.1,-8.7,0.61,1.1,0,1
0.79,0.969,1,3,0,0,0,-7.39,-11.14,11.7,23.36,-19.22,0.19,5.38,1,2
0.701,0.906,1,1,0,0,1,-13.44,-9.0,-19.07,-39.18,-21.41,0.39,3.59,0,1
0.684,0.623,1,1,0,0,0,-27.58,-24.76,14.84,22.79,-23.69,0.08,3.29,0,1
0.733,0.641,1,3,0,0,0,-2.94,-7.42,-3.08,16.55,13.88,0.38,5.13,1,1
0.85,0.838,1,1,1,0,0,-26.88,-24.91,17.43,37.52,-4.48,0.52,2.19,0,1
0.935,0.886,1,1,0,0,0,-21.99,-12.35,7.88,-34.37,-20.31,0.21,2.22,0,1
0.775,0.907,1,1,1,1,0,29.87,-1.79,11.74,-13.47,13.79,0.12,1.29,0,1
0.844,0.622,1,2,0,0,1,-4.04,-7.43,19.46,12.15,6.49,0.66,2.72,0,1
0.808,0.983,1,1,1,0,1,13.0,1.37,-13.41,17.33,-3.48,0.42,1.15,1,1
0.825,0.65,1,1,1,0,0,32.6,14.67,-4.85,-30.6,9.32,0.52,1.7,0,1
0.847,0.809,1,2,1,0,1,-25.36,21.45,11.37,13.35,-1.03,0.36,4.89,0,1
0.921,0.809,1,3,0,1,1,-9.51,-8.29,6.16,37.17,-2.92,0.09,5.58,0,1
0.587,0.976,1,1,0,0,0,24.21,11.94,1.04,3.76,-0.09,0.04,3.68,0,1
0.886,0.839,1,2,0,0,0,-27.69,8.73,10.24,-0.65,-26.22,0.64,3.99,0,1
0.657,0.807,1,1,0,0,0,9.83,-9.84,12.49,14.27,19.44,0.4,1.12,0,1
0.635,0.778,1,1,0,0,0,23.26,6.09,0.42,32.89,27.22,0.65,3.77,1,1
0.802,0.886,1,1,0,0,1,-27.39,-18.23,10.03,30.7,-16.9,0.67,3.7,0,1
0.592,0.597,1,2,0,0,0,25.17,19.15,3.4,-38.72,0.23,0.54,4.94,0,1
0.94,0.551,1,3,0,0,1,16.78,21.07,-11.03,16.94,-4.2,0.44,3.14,0,1
0.826,0.969,1,1,0,0,1,0.61,7.91,-4.47,19.57,-0.24,0.05,5.88,0,0
0.868,0.769,0,1,0,0,0,32.2,-14.32,9.37,-2.71,-17.19,0.49,0.42,0,1
0.557,0.694,1,1,0,0,0,0.33,5.52,17.58,-8.5,17.93,0.18,4.59,0,2
0.812,0.712,1,2,0,0,0,17.64,14.52,12.02,-11.51,28.07,0.32,4.99,0,1
0.795,0.904,1,3,0,0,1,31.1,-7.36,-1.28,-6.67,14.23,0.18,3.03,0,1
0.62,0.718,1,1,0,0,0,-29.04,0.27,-18.11,18.15,-25.75,0.0,4.92,0,1
0.617,0.889,1,1,0,1,0,-21.17,9.87,-17.3,30.19,25.24,0.2,2.1,0,1
0.856,0.744,1,1,0,1,0,29.11,14.81,-10.69,-15.27,-24.93,0.12,5.8,0,1
0.69,0.921,1,1,0,0,0,30.76,-3.03,-2.31,-1.84,-4.21,0.19,1.54,1,1
0.854,0.584,1,2,0,0,0,-12.57,20.71,-10.51,-27.37,2.25,0.21,2.86,0,2
0.794,0.762,1,1,0,0,0,32.33,22.48,13.0,12.17,-3.75,0.46,5.11,0,1
0.721,0.755,1,3,0,0,0,-4.59,10.85,-11.52,-11.45,8.86,0.43,0.28,0,1
0.957,0.666,1,1,0,1,0,-26.99,-20.13,15.71,-30.54,25.04,0.09,5.46,1,1
0.92,0.965,1,1,0,0,0,-12.53,3.69,-11.25,16.82,0.07,0.38,2.72,0,1
0.707,0.948,1,3,1,0,0,-10.81,-20.31,-4.44,35.69,13.96,0.03,5.81,0,2
0.569,0.745,1,1,1,0,0,-0.25,-5.9,-13.69,-33.21,20.67,0.21,2.49,0,2
0.684,0.593,1,1,0,0,0,-19.95,14.5,17.4,-19.58,15.45,0.58,1.02,1,1
0.725,0.641,0,2,0,0,1,-23.96,10.92,-5.6,-32.6,22.74,0.18,1.59,0,1
0.86,0.669,1,1,0,1,1,-16.72,2.93,-10.56,-16.54,7.48,0.18,3.71,0,0
0.988,0.763,1,1,0,1,1,26.87,19.48,7.43,-14.15,4.75,0.36,0.34,0,1
0.707,0.699,1,1,0,0,0,-30.37,22.75,-16.35,-14.73,-7.22,0.51,0.46,0,1
0.886,0.891,0,1,0,0,0,3.15,21.62,16.8,17.29,-20.88,0.29,2.07,0,1
0.811,0.759,1,2,0,0,0,-10.12,24.6,12.07,15.02,-12.58,0.55,0.36,0,1
0.854,0.933,1,2,0,0,1,-4.39,-6.13,17.87,-28.33,14.23,0.47,3.34,0,1
0.616,0.988,1,1,0,0,0,15.52,-3.44,-3.96,-7.75,24.65,0.63,3.46,1,1
0.726,0.647,1,1,0,0,0,32.72,7.36,-3.8,8.22,-20.81,0.62,4.99,0,1
0.656,0.819,1,1,0,0,0,31.45,-9.76,-3.83,-34.42,-15.45,0.13,5.26,0,1
0.701,0.923,1,1,0,0,0,17.45,22.03,14.28,7.38,13.37,0.31,4.99,0,1
0.776,0.966,1,1,0,0,1,-20.14,-15.85,0.5,33.23,21.37,0.68,0.88,0,1
0.843,0.678,1,3,0,0,0,-20.92,-1.91,1.14,24.12,7.44,0.69,1.85,1,1
0.597,0.87,1,1,0,0,0,-15.71,0.12,-13.27,-6.55,-1.42,0.18,2.02,0,2
0.608,0.557,1,3,0,0,0,17.41,-19.81,4.97,4.46,14.04,0.54,2.33,0,1
0.692,0.937,1,3,1,1,0,-10.14,13.52,-19.62,10.88,15.41,0.27,4.28,0,1
0.841,0.578,1,3,1,0,0,-16.71,15.67,-16.2,-4.38,-2.33,0.36,1.92,0,1
0.922,0.873,1,1,0,1,0,-4.95,8.07,-11.97,-20.57,-17.24,0.05,1.57,0,0
0.793,0.988,1,3,0,0,0,-33.96,-15.03,-1.64,-6.8,9.69,0.44,2.08,1,1
0.926,0.771,1,1,0,1,0,7.49,24.61,-4.16,16.52,23.25,0.49,5.01,0,1
0.719,0.642,1,1,0,0,0,-2.25,-20.83,-17.44,24.74,-11.92,0.47,5.8,0,1
0.689,0.812,1,1,0,0,0,29.52,7.15,6.97,30.32,-4.7,0.6,4.57,0,1
0.706,0.825,1,2,0,1,0,-9.57,-7.96,-14.11,-21.65,-1.43,0.46,3.63,0,1
0.625,0.844,1,1,0,0,1,-33.0,-16.27,-13.82,-39.52,10.17,0.58,1.86,1,1
0.915,0.626,1,3,1,1,0,15.62,-10.96,14.23,33.41,22.3,0.16,5.23,0,1
0.699,0.945,1,2,0,0,0,7.53,-15.27,-10.96,27.37,13.42,0.12,2.64,0,2
0.793,0.823,1,3,0,0,1,-2.82,-21.91,-10.61,-13.15,-14.84,0.64,1.96,0,1
0.805,0.569,1,1,0,0,1,29.87,17.27,1.34,3.07,22.12,0.6,3.95,0,1
0.779,0.851,1,3,0,0,1,1.5,24.2,-5.85,14.95,3.65,0.02,3.51,0,2
0.551,0.636,1,2,0,0,0,-16.64,16.21,11.85,25.91,-17.65,0.19,3.89,0,2
0.985,0.562,1,3,0,0,0,28.28,-12.52,5.99,38.18,26.3,0.15,1.38,0,1
0.948,0.792,1,2,0,0,0,-2.48,7.13,3.16,-15.18,-17.06,0.56,5.69,0,1
0.641,0.908,1,1,0,0,0,16.16,-10.54,11.86,-2.75,6.58,0.04,1.9,0,2
0.679,0.928,0,3,0,0,1,-2.27,12.05,5.67,-32.53,11.67,0.14,2.11,1,2
0.779,0.596,1,2,1,0,1,-8.84,-4.34,9.87,35.08,28.65,0.73,1.73,0,1
0.947,0.842,1,2,0,1,0,-33.14,2.17,-4.21,27.31,-5.87,0.04,2.89,0,1
0.983,0.862,0,2,0,1,0,21.01,-24.49,2.93,-4.85,22.76,0.06,4.44,0,1
0.663,0.68,1,2,0,0,0,14.11,-17.73,3.3,4.43,20.01,0.62,0.98,0,1
0.798,0.977,1,3,0,0,0,-27.1,1.06,-18.72,-8.45,-19.3,0.32,2.98,0,1
0.905,0.673,1,1,0,1,0,-0.05,-4.24,-5.05,-17.19,4.1,0.53,3.42,0,1
0.724,0.581,1,1,0,0,1,10.98,-12.52,-3.92,-38.76,-19.93,0.05,3.41,0,0
0.872,0.778,0,2,0,0,1,-1.28,4.93,18.92,-30.42,-8.33,0.67,0.63,0,1
0.621,0.855,1,1,1,0,0,29.15,15.99,-8.91,-20.19,6.05,0.45,0.28,0,1
0.814,0.658,1,3,0,0,0,15.43,21.77,-7.67,16.39,-9.79,0.44,1.02,0,1
0.931,0.699,1,1,1,1,1,-28.46,9.34,1.44,6.59,-2.92,0.73,1.29,0,1
0.983,0.798,1,2,0,0,1,25.51,-8.86,-18.5,39.75,22.01,0.02,1.26,0,1
0.585,0.94,1,1,0,0,1,0.9,-1.39,18.03,14.24,22.39,0.68,3.1,0,1
0.738,0.879,1,1,0,0,1,27.5,-16.28,1.41,-0.13,-26.69,0.56,3.07,0,1
0.64,0.642,0,1,0,0,1,23.77,-11.43,12.21,-29.69,-19.77,0.35,2.11,0,1
0.748,0.661,1,1,0,1,0,29.44,13.7,8.11,-37.81,-9.97,0.04,4.29,0,1
0.791,0.781,1,1,0,0,1,31.43,23.37,-15.85,-13.31,-10.62,0.53,3.21,0,1
0.591,0.888,1,1,0,1,0,19.95,10.18,2.32,10.65,6.11,0.23,1.8,1,1
0.681,0.822,1,3,0,0,0,16.24,-9.93,1.35,-23.84,25.26,0.01,3.64,0,2
0.958,0.771,1,1,1,0,1,-0.65,6.1,-9.16,10.12,-5.21,0.25,1.17,0,1
0.8,0.813,1,2,0,0,0,34.2,20.48,-7.1,9.64,-24.73,0.14,5.13,0,1
0.751,0.883,1,1,0,1,0,-1.16,-14.73,16.84,-22.74,16.91,0.14,0.06,0,0
0.882,0.786,1,2,0,0,1,14.0,24.15,17.26,17.93,-23.57,0.34,0.72,0,1
0.876,0.945,1,1,0,0,1,22.71,19.03,14.93,-7.83,-27.83,0.14,2.89,0,1
0.571,0.967,1,1,1,0,0,-18.36,13.49,11.55,6.2,29.22,0.29,1.28,1,1
0.862,0.953,1,1,0,0,0,12.47,-15.6,-3.38,-25.9,-26.48,0.58,5.78,0,1
0.919,0.882,1,1,0,0,0,1.14,-13.41,-13.66,-19.61,-3.85,0.55,0.4,0,1
0.623,0.658,1,1,1,0,0,22.35,9.31,19.35,-15.94,20.88,0.06,5.72,1,1
0.894,0.72,1,1,0,0,0,-1.66,-14.49,-6.69,19.73,-20.72,0.13,3.86,0,0
0.676,0.673,1,3,0,0,0,20.79,5.67,-17.93,24.25,-23.15,0.67,3.29,1,1
0.685,0.839,1,1,0,0,0,-20.35,-1.92,3.27,-37.42,11.38,0.64,2.39,0,1
0.843,0.693,1,3,0,0,0,-5.51,-5.19,-3.43,29.47,-16.04,0.15,3.76,0,2
0.599,0.882,1,2,0,0,0,-27.34,-11.03,4.6,21.34,27.29,0.53,5.91,0,1
0.843,0.6,1,3,0,0,1,-18.79,-10.73,8.02,9.16,27.39,0.19,2.97,0,2
0.941,0.891,1,1,1,0,0,-24.69,16.76,-1.77,-1.83,9.64,0.74,4.21,0,1
0.856,0.808,1,2,0,0,1,21.58,-13.22,-0.28,-14.53,-26.78,0.41,1.45,0,1
0.744,0.918,1,2,0,1,1,2.92,18.96,-10.22,-30.18,-5.67,0.17,4.88,0,1
0.743,0.74,1,2,0,0,1,16.58,-6.66,6.07,15.2,-24.01,0.38,3.61,0,1
0.887,0.825,1,1,0,0,0,17.08,3.46,-1.42,-32.86,18.08,0.59,0.19,0,1
0.799,0.794,1,2,0,0,0,-15.36,10.38,11.17,-3.59,2.19,0.19,2.16,1,2
0.587,0.979,1,3,0,0,0,7.49,-17.34,15.89,-32.62,25.63,0.43,3.04,0,1
0.806,0.882,0,2,0,1,0,4.89,23.01,3.46,-3.78,24.45,0.59,2.58,0,1
0.909,0.79,1,1,0,0,0,-0.69,13.44,19.67,-19.39,-10.44,0.06,0.24,0,0
0.698,0.627,1,1,0,0,1,-30.34,10.34,-15.84,35.7,6.48,0.38,2.04,1,1
0.958,0.948,1,1,0,0,0,-9.85,21.05,3.35,-14.91,1.7,0.3,0.26,0,1
0.88,0.641,1,1,0,1,1,12.24,-15.53,-14.09,-32.33,-11.5,0.13,1.7,0,0
0.803,0.836,0,3,0,0,0,-22.79,9.32,-14.1,-29.98,-11.43,0.4,5.47,0,1
0.881,0.962,1,1,0,0,0,-31.17,-8.68,0.41,-5.51,-28.55,0.18,3.89,0,1
0.585,0.648,1,1,0,0,0,-8.71,3.93,8.86,38.01,-20.08,0.58,3.49,1,1
0.928,0.649,1,2,0,0,0,-29.78,19.1,-9.22,34.04,21.4,0.67,1.82,0,1
0.911,0.925,1,2,1,0,0,19.12,24.21,4.69,-29.84,-26.42,0.21,1.77,1,2
0.95,0.914,1,3,0,0,1,23.45,-1.05,10.37,-30.98,7.27,0.17,3.12,1,1
0.607,0.705,1,1,0,1,0,15.81,-3.49,-7.25,36.12,0.41,0.14,0.67,0,1
0.586,0.667,1,1,0,0,0,-12.31,-20.27,-13.61,5.03,-0.92,0.57,0.45,0,1
0.611,0.606,1,1,0,0,0,26.24,-23.67,12.06,31.89,-17.84,0.08,3.57,0,1
0.726,0.985,1,2,0,0,1,-32.28,-18.54,-12.07,15.33,19.93,0.69,0.38,0,1
0.737,0.918,1,1,1,0,0,-11.89,-23.27,-18.53,11.03,-13.21,0.01,5.25,0,2
0.797,0.946,1,3,0,0,0,-24.6,14.58,-13.95,7.64,-4.62,0.29,0.39,0,1
0.604,0.776,1,1,0,1,0,19.06,-11.34,9.44,32.82,-25.59,0.66,3.79,1,1
0.639,0.6,1,3,0,1,0,26.46,15.64,-14.03,-0.29,13.84,0.36,4.63,0,1
0.907,0.573,1,1,1,1,0,9.77,8.1,6.66,-12.62,-13.88,0.18,0.22,0,1
0.756,0.695,1,1,0,0,0,18.98,24.57,13.54,-4.92,3.74,0.42,1.53,0,1
0.905,0.955,1,2,0,0,0,-12.86,-20.27,-2.21,-32.59,-25.36,0.34,2.01,0,1
0.553,0.967,1,3,0,0,0,-1.03,22.58,-17.1,-11.01,-17.73,0.18,3.55,0,2
0.793,0.92,1,1,0,0,1,-4.78,15.87,4.37,11.8,-6.25,0.49,2.34,0,1
0.96,0.62,1,1,0,1,0,-20.01,-24.63,0.71,32.75,-18.06,0.55,0.27,0,1
0.806,0.735,1,2,0,0,0,24.57,0.38,5.73,33.03,16.81,0.17,2.07,0,1
0.641,0.658,1,1,0,0,1,2.71,-20.95,18.94,-37.54,1.11,0.61,0.49,0,1
0.866,0.64,1,1,0,1,0,-32.54,-17.65,20.0,38.23,-1.73,0.57,0.54,1,1
0.717,0.851,1,1,0,1,1,-16.1,-3.62,13.14,-37.98,19.24,0.17,3.98,1,0
0.844,0.764,0,1,0,0,0,-26.21,-15.99,3.4,-5.39,8.54,0.2,3.05,0,1
0.563,0.693,1,1,0,0,0,-24.42,19.83,2.15,-20.13,4.54,0.71,2.66,1,1
0.83,0.594,1,1,0,0,0,7.11,-20.02,-2.42,33.64,5.83,0.54,2.72,0,1
0.564,0.79,0,3,0,0,0,-30.81,4.36,2.0,-9.08,4.58,0.6,4.27,0,1
0.878,0.703,1,1,0,0,0,-34.8,-17.09,12.13,10.01,-17.18,0.29,1.74,0,1
0.758,0.722,1,3,0,0,1,25.14,4.89,15.22,-4.72,-10.99,0.12,2.87,0,1
0.604,0.687,1,3,0,0,1,-14.7,6.59,-11.67,34.49,-10.85,0.51,0.73,0,1
0.789,0.72,1,2,0,0,0,15.43,-12.5,-3.54,-15.33,21.14,0.46,1.42,0,1
0.579,0.795,1,2,0,0,0,13.72,19.73,12.37,34.04,-16.55,0.51,3.33,0,1
0.837,0.556,1,3,0,1,1,-5.29,14.25,-2.82,4.31,-19.62,0.03,4.12,1,1
0.988,0.923,1,3,0,0,1,2.51,-0.42,-16.93,22.88,20.14,0.11,3.46,0,2
0.889,0.956,0,3,0,0,0,-7.09,16.62,5.42,21.34,-12.56,0.42,1.59,0,1
0.802,0.792,1,1,0,0,1,-26.2,-13.41,7.63,-1.66,12.36,0.2,5.0,0,1
0.595,0.668,1,2,0,0,0,24.26,6.06,-9.92,-24.44,4.78,0.38,4.45,1,1
0.858,0.986,1,1,0,0,0,10.9,-20.33,13.08,-23.06,13.63,0.65,5.17,1,1
0.841,0.719,1,2,0,0,0,-18.55,0.72,-4.02,31.55,5.67,0.27,3.86,0,1
0.572,0.855,1,1,0,0,0,32.35,-7.92,-19.88,2.56,3.53,0.31,5.6,1,1
0.899,0.854,1,1,1,0,1,-23.86,-10.72,-7.7,39.75,-25.86,0.06,3.32,0,1
0.778,0.741,1,1,1,0,0,12.08,10.68,-14.03,-11.24,-20.26,0.57,5.39,0,1
0.737,0.638,1,2,0,0,1,-28.33,1.72,-0.57,-36.97,-19.35,0.72,0.27,1,1
0.897,0.975,1,2,0,1,0,18.73,-16.45,11.87,-26.32,15.63,0.26,3.51,1,1
0.731,0.578,1,3,1,1,0,-20.94,15.36,9.93,-15.38,-10.37,0.03,1.33,0,1
0.762,0.763,1,1,0,0,0,-28.89,0.96,-11.04,29.32,-5.5,0.0,1.37,0,1
0.63,0.647,1,1,1,0,0,-14.24,10.66,-14.72,-38.07,9.17,0.21,4.71,0,2
0.691,0.679,1,1,0,0,1,-29.72,-24.46,-16.83,-34.42,-6.33,0.49,5.01,0,1
0.922,0.915,1,1,0,0,1,21.31,10.66,15.75,12.49,3.23,0.71,2.02,0,1
0.632,0.712,1,1,0,0,0,20.13,17.74,7.32,-27.37,-1.08,0.13,4.82,0,1
0.734,0.587,1,1,0,0,0,27.78,-11.19,5.21,38.87,22.27,0.24,4.84,0,1
0.985,0.636,1,1,0,0,0,27.23,-21.77,15.57,22.95,14.76,0.14,4.32,1,1
0.654,0.929,1,1,0,0,0,22.82,-14.51,17.56,-29.64,11.93,0.56,1.73,0,1
0.953,0.98,1,1,1,1,0,-12.59,9.98,-12.66,38.1,12.92,0.69,4.63,0,1
0.954,0.668,1,2,0,0,0,23.76,0.08,2.97,5.67,8.29,0.34,0.11,0,1
0.59,0.847,0,3,1,1,0,-11.73,-11.55,-10.49,35.1,20.6,0.62,3.43,1,1
0.754,0.586,1,3,0,0,1,-27.46,14.49,-17.74,24.24,-13.56,0.44,4.81,0,1
0.771,0.868,1,1,0,0,1,24.11,-9.23,-2.76,29.72,-8.97,0.23,4.81,1,1
0.688,0.733,1,2,0,0,0,-9.71,-14.6,15.0,-27.44,-23.74,0.34,0.87,0,1
0.571,0.954,1,1,0,0,1,-10.03,-20.38,-17.64,34.56,0.94,0.64,0.47,0,1
0.656,0.687,1,1,0,0,0,11.91,23.76,4.06,18.0,-15.4,0.07,0.75,0,2
0.592,0.964,1,1,0,1,1,-11.75,4.27,-1.86,37.14,21.16,0.31,4.63,0,1
0.655,0.771,0,3,0,1,0,-13.9,-13.56,-19.28,39.28,8.0,0.2,4.44,1,1
0.905,0.704,1,1,0,0,0,-5.13,-0.29,-16.39,-22.99,-1.45,0.09,5.56,0,0
0.944,0.835,1,2,1,0,0,5.57,-24.14,-5.25,20.94,-20.82,0.37,4.54,1,1
0.569,0.66,1,2,0,1,0,-19.45,2.78,-4.13,-37.79,6.19,0.43,5.6,1,1
0.683,0.651,1,1,1,0,0,24.68,18.98,-11.33,-13.0,6.23,0.46,4.1,0,1
0.981,0.636,1,2,0,1,0,32.81,10.84,-2.99,13.21,4.79,0.05,1.92,1,1
0.787,0.972,1,2,0,0,0,-11.89,23.86,-1.71,19.15,-24.57,0.25,3.27,0,1
0.826,0.767,1,1,1,1,1,5.38,4.0,3.56,8.46,15.55,0.72,2.46,0,1
0.552,0.881,1,2,0,1,1,33.12,-22.94,-2.97,-6.78,23.43,0.01,5.21,0,1
0.763,0.759,1,2,0,0,0,23.17,17.06,-3.05,25.96,1.01,0.49,5.96,0,1
0.985,0.809,1,3,0,0,0,12.4,-23.14,-0.73,-27.94,-2.03,0.51,1.64,0,1
0.715,0.807,1,1,0,0,0,-16.84,-13.16,-6.92,7.34,-20.3,0.2,2.71,1,0
0.593,0.981,1,1,0,0,0,4.39,2.48,-2.42,-12.56,-14.62,0.23,2.68,0,2
0.753,0.844,1,1,0,0,0,-30.15,7.77,-18.84,-9.74,-26.82,0.62,3.1,0,1
0.974,0.655,1,3,0,0,0,-21.55,24.9,-9.63,-3.81,-22.85,0.08,0.13,0,1
0.7,0.557,1,1,0,0,0,-34.27,15.65,6.09,15.75,6.12,0.63,4.07,0,1
0.902,0.646,1,3,0,0,0,25.52,-18.26,9.46,-25.89,-29.18,0.11,3.7,0,1
0.901,0.75,1,1,0,0,0,-15.75,8.25,-8.62,-22.42,15.27,0.64,0.98,0,1
0.642,0.723,0,1,0,0,0,-18.97,-20.48,-5.66,10.19,-21.85,0.14,4.69,0,2
0.745,0.907,1,1,0,1,0,28.34,5.2,-16.55,23.63,-3.79,0.27,5.16,0,1
0.865,0.896,1,3,0,0,0,-1.52,1.37,-17.62,14.75,-11.47,0.69,0.01,0,1
0.731,0.589,1,1,0,0,0,-14.07,-14.67,5.95,32.43,4.07,0.52,4.29,1,1
0.634,0.969,1,1,0,0,0,-31.37,20.46,14.22,-26.32,22.98,0.75,0.77,0,1
0.976,0.782,1,2,0,0,0,-33.32,-5.02,-0.5,32.4,11.7,0.74,1.17,0,1
0.836,0.812,1,1,1,0,0,-33.55,7.25,-3.98,-29.35,1.08,0.5,2.57,0,1
0.931,0.728,1,1,0,0,1,8.42,16.09,10.14,-33.51,8.21,0.44,5.3,1,1
0.561,0.836,1,3,0,0,0,25.95,9.36,-8.35,-22.32,26.89,0.72,1.57,0,1
0.667,0.933,1,2,0,0,0,10.85,2.05,-1.03,27.7,20.52,0.21,3.74,0,2
0.771,0.847,1,1,0,0,0,-4.9,22.52,13.98,-31.55,3.31,0.43,2.65,0,1
0.58,0.977,0,1,0,0,0,13.33,-8.64,-1.78,32.07,14.94,0.66,5.07,1,1
0.987,0.858,0,1,1,0,1,-1.7,-18.25,16.4,29.03,-8.25,0.46,1.46,0,1
0.654,0.912,0,1,0,0,0,-27.05,16.08,15.79,-15.67,1.85,0.17,3.25,0,1
0.715,0.57,1,3,0,0,1,-7.42,2.88,-19.55,-29.8,29.73,0.43,0.01,0,1
0.644,0.846,1,3,0,0,1,-17.35,24.04,5.26,9.61,-19.74,0.02,2.85,1,2
0.596,0.838,1,1,0,0,0,-6.95,2.53,-4.16,-9.89,11.74,0.57,2.68,0,1
0.652,0.595,0,1,1,0,1,21.26,9.25,9.81,-4.47,-7.72,0.58,4.5,0,1
0.682,0.921,1,1,0,1,0,0.69,-17.68,2.15,-11.4,14.62,0.27,0.52,1,1
0.829,0.82,1,1,0,0,0,-19.89,-17.67,1.79,13.85,-14.98,0.71,4.8,0,1
0.674,0.593,1,2,0,0,0,1.95,-3.56,-14.62,-19.39,-22.81,0.15,1.68,0,2
0.709,0.812,1,1,0,0,1,1.86,-12.26,-7.7,-7.76,-28.04,0.38,5.16,0,1
0.553,0.761,1,1,1,1,0,-1.01,22.6,-4.66,-18.3,4.05,0.04,4.0,0,1
0.711,0.653,1,1,0,0,0,-9.39,-3.61,0.16,6.26,-4.97,0.74,1.0,0,1
0.785,0.559,1,1,0,0,1,5.64,21.48,6.4,11.29,-28.71,0.54,5.02,0,1
0.621,0.711,1,3,0,1,0,-22.62,-18.51,-1.32,11.41,23.98,0.41,5.12,0,1
0.813,0.823,1,1,0,0,0,4.47,24.7,5.58,14.96,0.63,0.15,3.12,0,0
0.679,0.695,1,3,0,1,0,-29.07,-10.05,10.5,16.3,-20.32,0.64,5.32,0,1
0.828,0.685,1,2,0,0,0,12.94,6.14,7.1,-27.92,6.6,0.44,5.39,0,1
0.562,0.88,1,1,0,1,0,-25.61,4.22,-18.46,0.14,26.31,0.65,4.09,0,1
0.941,0.884,1,2,0,0,0,31.51,24.76,18.9,-2.91,12.98,0.57,1.32,1,1
0.557,0.866,1,1,0,0,1,21.86,16.78,-18.0,-24.57,19.06,0.6,3.07,0,1
0.606,0.595,1,1,0,1,0,-4.47,-15.08,-9.99,4.16,3.29,0.11,0.51,1,1
0.892,0.777,1,1,0,0,0,-24.67,2.82,15.32,-34.04,20.48,0.6,0.97,0,1
0.57,0.795,1,1,0,0,0,30.22,-14.81,7.28,13.04,-27.56,0.19,3.32,0,1
0.863,0.878,1,1,0,0,0,-0.91,-1.81,-13.42,-13.91,27.52,0.23,3.71,0,0
0.977,0.947,1,1,0,0,0,-33.5,-15.14,17.02,-25.38,-15.27,0.6,3.91,1,1
0.934,0.712,1,1,0,0,0,-26.34,4.33,8.83,-34.79,-14.9,0.64,4.12,0,1
0.862,0.739,1,1,0,0,0,0.42,15.87,5.02,-32.91,2.6,0.53,3.4,0,1
0.972,0.872,1,3,0,0,0,-3.36,-23.14,2.75,-5.35,9.16,0.09,0.55,0,2
0.739,0.842,1,1,0,0,0,25.39,15.93,14.29,36.2,-24.05,0.23,2.63,0,1
0.934,0.795,0,1,0,0,0,25.9,-17.15,11.64,-17.06,-4.52,0.46,1.81,0,1
0.707,0.704,1,2,0,0,0,31.68,11.37,6.92,-24.86,7.25,0.22,3.84,0,1
0.959,0.636,1,1,0,1,1,-1.75,21.48,-1.57,30.28,7.79,0.26,1.94,1,1
0.615,0.631,1,3,0,0,0,31.98,-1.49,-2.57,-39.85,19.4,0.75,3.51,1,1
0.964,0.586,1,1,0,0,1,-13.54,-18.26,-6.91,17.11,19.14,0.67,0.56,0,1
0.916,0.586,1,1,0,0,0,-30.7,6.26,8.82,-31.8,3.16,0.54,5.96,0,1
0.922,0.922,1,1,0,1,0,2.74,-22.38,9.91,33.86,5.51,0.23,2.98,0,0
0.605,0.719,1,2,1,0,0,-19.48,16.87,14.7,18.04,-26.55,0.45,4.46,0,1
0.812,0.577,1,3,0,0,1,31.97,-22.04,-15.77,17.42,0.41,0.13,2.5,0,1
0.557,0.944,1,1,0,0,0,-1.91,-23.04,-14.86,-6.11,6.25,0.59,3.7,0,1
0.867,0.648,1,1,1,0,0,-21.45,-20.67,-14.54,24.18,-28.45,0.01,5.31,0,1
0.553,0.668,1,1,0,1,0,-21.94,13.57,-18.35,37.74,2.64,0.41,5.36,0,1
0.587,0.636,1,1,0,0,0,-21.25,20.03,-9.79,39.91,-12.33,0.72,5.4,1,1
0.649,0.976,1,1,0,1,0,-29.02,17.0,-15.81,-15.1,-9.53,0.38,3.05,0,1
0.935,0.6,1,1,0,1,1,-8.13,-11.56,-5.33,10.49,-11.0,0.23,3.36,1,0
0.71,0.868,0,1,0,0,0,-10.74,-14.25,2.6,-8.03,8.59,0.42,0.83,1,1
0.788,0.96,1,3,0,0,1,-4.74,23.15,-12.41,1.44,1.0,0.51,2.82,0,1
0.8,0.844,1,3,0,0,0,8.8,-0.23,-7.45,-0.24,8.51,0.23,5.94,0,2
0.649,0.928,1,1,0,0,0,0.72,20.73,-3.22,-26.76,16.23,0.02,3.79,0,2
0.802,0.657,1,1,0,0,0,-1.36,15.81,5.24,-32.41,9.12,0.64,1.78,0,1
0.841,0.847,1,1,0,0,0,24.99,13.13,4.6,18.93,21.35,0.44,2.75,0,1
0.681,0.858,1,1,0,0,0,-19.03,19.64,18.16,9.66,-9.21,0.27,3.3,0,1
0.734,0.752,1,3,1,0,0,-12.34,0.16,19.35,-22.85,2.72,0.48,1.95,0,1
0.749,0.933,1,3,1,1,1,9.56,14.31,11.89,0.66,1.64,0.63,3.65,0,1
0.96,0.856,1,2,0,1,0,-27.49,-16.83,-5.72,36.56,27.86,0.16,3.11,0,1
0.808,0.944,1,3,0,1,0,21.33,-20.9,17.86,14.11,22.41,0.36,2.7,0,1
0.967,0.881,1,1,0,0,0,21.91,16.08,-8.98,-4.11,0.17,0.5,2.83,0,1
0.795,0.779,1,1,0,0,1,-15.37,-0.77,-15.65,-18.01,11.4,0.35,1.4,0,1
0.77,0.769,1,1,0,0,0,-16.36,9.25,-15.95,-6.19,3.46,0.37,3.69,1,1
0.552,0.75,1,3,0,0,0,-20.36,-21.04,-19.7,-3.28,23.08,0.15,0.61,1,1
0.762,0.56,1,1,0,1,0,-12.92,-0.83,-9.24,-28.64,11.97,0.29,3.34,0,1
0.958,0.785,1,1,0,1,0,8.03,20.23,-15.31,-6.48,-8.14,0.04,1.19,0,0
0.637,0.736,0,3,0,0,0,-3.27,14.43,-15.08,3.31,-6.46,0.2,4.01,0,2
0.573,0.619,1,2,1,0,1,-16.67,-3.39,17.22,-37.64,15.73,0.27,5.03,0,1
0.729,0.602,1,1,0,1,0,33.83,-6.5,-10.15,-36.75,-13.66,0.72,0.21,0,1
0.714,0.748,1,1,0,1,1,-6.94,-12.64,-18.13,4.64,5.31,0.69,2.33,0,1
0.927,0.568,1,2,0,0,0,-13.24,-2.78,5.17,-36.5,19.55,0.6,5.6,0,1
0.562,0.984,1,3,0,0,1,30.38,19.66,1.48,-3.77,29.04,0.0,5.54,0,1
0.955,0.716,1,1,0,0,0,16.28,-6.48,-14.52,33.53,14.52,0.48,3.69,0,1
0.85,0.718,1,3,0,0,1,-30.48,12.95,1.16,22.47,-23.31,0.68,0.61,0,1
0.948,0.572,1,3,0,1,0,-23.51,0.35,-2.22,37.57,1.96,0.51,1.18,0,1
0.817,0.738,1,1,0,0,1,20.04,-18.84,-1.91,7.09,-29.97,0.51,3.28,0,1
0.907,0.557,1,2,0,0,0,-5.98,22.05,-15.85,17.16,24.29,0.22,1.22,0,2
0.698,0.563,1,1,0,0,0,-27.91,-6.24,14.52,-5.95,3.94,0.2,1.21,0,1
0.704,0.699,1,1,0,0,1,-11.99,-2.57,8.39,34.56,12.83,0.67,1.47,0,1
0.722,0.911,1,1,1,0,0,9.53,-6.9,14.26,29.56,7.0,0.1,2.02,0,2
0.882,0.752,1,3,0,0,0,9.1,-19.17,0.86,24.56,-11.85,0.09,1.37,0,2
0.712,0.557,1,2,0,0,0,-22.51,-2.35,17.72,-37.04,-26.04,0.44,0.22,0,1
0.657,0.622,1,2,1,0,0,17.32,17.67,-4.06,6.24,-9.33,0.5,4.99,0,1
0.963,0.876,1,1,0,0,1,-7.88,17.84,8.12,28.02,26.24,0.52,1.18,1,1
0.95,0.875,1,1,0,1,0,17.07,-13.5,19.91,25.77,-9.59,0.52,5.83,0,1
0.703,0.882,1,1,0,0,1,9.42,-17.17,1.37,-34.37,-2.9,0.31,0.08,0,1
0.829,0.705,1,1,0,0,0,-29.73,10.75,-19.0,-31.74,17.69,0.16,5.58,0,1
0.67,0.705,1,3,0,0,0,-24.11,18.66,-17.3,0.28,-27.09,0.06,3.79,0,1
0.641,0.903,1,1,0,0,0,17.07,-2.26,-19.77,28.04,-16.63,0.03,5.05,0,2
0.698,0.725,1,1,0,1,0,-27.58,-23.17,2.33,-13.92,23.55,0.68,2.12,0,1
0.694,0.87,1,1,0,0,0,-20.89,-10.63,14.3,-34.48,-18.92,0.55,5.74,0,1
0.938,0.806,0,1,0,1,0,25.36,18.6,15.33,-14.79,0.0,0.66,5.25,1,1
0.912,0.71,1,1,0,1,1,32.47,-2.48,-7.1,21.1,8.68,0.4,0.43,0,1
0.862,0.585,1,1,0,1,0,-20.31,11.75,-1.54,-17.29,-26.94,0.3,4.82,0,1
0.972,0.601,0,1,0,0,0,-20.1,-3.85,1.23,-21.06,5.97,0.14,1.66,0,1
0.736,0.941,1,2,0,1,1,-1.48,1.95,-11.99,-34.48,-3.31,0.49,0.36,0,1
0.658,0.749,1,2,0,0,1,-22.79,5.51,3.77,11.43,15.18,0.05,0.84,0,1
0.602,0.987,1,2,0,0,0,8.51,18.4,-10.12,31.06,-25.4,0.21,5.3,0,2
0.682,0.71,1,1,0,0,1,16.89,2.91,-14.47,-32.51,-5.53,0.57,0.4,0,1
0.614,0.66,1,3,0,0,0,17.95,-22.05,-4.11,-11.17,29.21,0.63,0.02,0,1
0.591,0.704,1,2,0,0,0,27.85,1.11,4.88,38.83,-8.66,0.4,3.55,0,1
0.815,0.701,1,3,0,0,0,-17.94,19.85,7.15,-4.13,2.12,0.24,2.63,0,2
0.71,0.83,1,2,0,0,1,32.3,-7.35,-4.58,-3.22,17.68,0.27,2.6,0,1
0.798,0.556,1,1,0,0,0,-33.69,-20.78,0.79,21.83,-2.28,0.51,2.56,1,1
0.634,0.886,1,1,0,0,0,35.0,22.16,-0.91,5.22,-11.86,0.26,3.16,0,1
0.848,0.733,1,1,0,0,0,5.9,-6.36,1.44,-27.45,-15.64,0.45,2.57,0,1
0.645,0.74,1,1,0,0,1,12.66,4.32,-14.9,21.75,-18.99,0.25,1.11,1,1
0.672,0.762,1,1,1,0,1,-24.42,-11.3,8.08,-0.48,5.95,0.04,0.38,0,1
0.876,0.748,1,1,0,0,0,-26.46,20.31,8.14,11.94,-24.22,0.55,2.52,1,1
0.796,0.769,1,2,0,0,1,-15.05,-19.25,-1.8,-20.6,23.21,0.15,2.35,1,2
0.697,0.702,1,1,0,0,0,4.76,12.89,2.64,-4.42,6.45,0.72,0.22,1,1
0.789,0.749,1,1,1,0,0,-26.11,-15.03,1.72,35.19,-18.06,0.12,0.46,1,1
0.855,0.728,1,3,0,1,0,30.41,-0.16,-1.46,34.52,25.53,0.47,0.97,0,1
0.951,0.778,1,1,0,0,1,18.88,18.03,-10.92,-14.24,2.97,0.07,0.52,1,0
0.806,0.824,1,1,0,0,0,-12.46,22.95,-15.12,15.83,14.05,0.56,3.11,1,1
0.652,0.656,1,1,0,0,0,33.91,-7.26,-3.2,3.16,-17.42,0.5,1.73,0,1
0.879,0.774,1,2,0,0,0,33.65,13.74,14.39,27.88,-20.35,0.5,3.62,0,1
0.892,0.812,1,1,1,0,0,-12.43,-2.37,-7.74,31.44,23.99,0.29,5.34,0,1
0.638,0.557,1,2,0,0,0,18.37,-5.19,5.74,8.14,0.49,0.02,4.33,0,2
0.911,0.779,1,3,0,0,1,-19.02,-19.94,-8.04,6.83,-24.1,0.17,0.3,1,2
0.755,0.655,1,1,0,1,1,-26.2,-13.89,-9.47,-8.81,9.16,0.42,0.61,0,1
0.893,0.728,1,2,0,1,0,20.07,-11.05,-8.89,25.95,18.23,0.62,0.85,0,1
0.654,0.914,1,1,0,0,1,5.09,-5.5,0.17,18.44,22.97,0.59,1.93,1,1
0.696,0.694,1,1,1,1,1,-0.8,19.1,-14.79,-8.33,-21.88,0.43,4.9,0,1
0.97,0.763,1,2,0,0,1,-0.71,8.93,-8.75,-16.45,23.32,0.51,1.61,0,1
0.839,0.561,1,3,0,1,0,35.0,-11.05,4.2,-3.05,2.85,0.4,4.21,0,1
0.89,0.686,1,1,0,1,1,9.66,17.6,-14.01,18.69,-23.4,0.52,5.71,0,1
0.853,0.831,1,1,0,0,1,18.64,9.08,-4.13,-11.11,-0.93,0.21,3.99,0,0
0.64,0.689,1,3,0,1,1,-32.27,21.55,-17.18,6.97,-10.74,0.15,0.2,0,1
0.757,0.641,1,3,0,0,1,20.22,-16.29,-13.64,32.69,4.84,0.33,0.88,0,1
0.906,0.678,1,1,1,1,0,-30.21,13.41,17.79,-32.58,5.74,0.24,0.23,0,1
0.847,0.97,1,1,0,0,0,-33.64,-5.55,0.76,13.78,-7.54,0.16,2.54,0,1
0.553,0.588,1,1,0,0,0,3.71,-5.81,-16.26,-23.14,27.03,0.74,4.88,0,1
0.588,0.754,1,1,0,0,0,18.92,20.18,-10.48,7.09,29.33,0.62,4.12,0,1
0.703,0.576,1,2,0,0,1,-2.41,-2.02,12.71,14.1,5.66,0.62,0.36,0,1
0.966,0.787,1,1,0,0,0,-34.37,22.12,-19.47,9.14,-19.88,0.54,1.56,0,1
0.766,0.614,1,1,0,0,0,-1.9,15.96,8.94,-20.32,7.96,0.21,2.87,1,0
0.669,0.829,1,2,0,0,0,10.19,-22.23,-9.71,-36.97,12.63,0.24,2.32,0,2
0.709,0.666,1,1,0,0,0,-20.71,-24.13,-5.4,25.04,29.91,0.49,0.07,0,1
0.643,0.854,1,2,0,0,1,-2.88,22.65,-0.73,30.29,21.38,0.49,3.61,0,1
0.735,0.703,1,1,0,0,1,31.8,-5.28,8.96,-25.68,-29.04,0.05,3.94,0,1
0.646,0.552,1,2,0,1,0,-4.62,24.58,17.72,2.2,16.36,0.59,5.11,0,1
0.922,0.68,1,1,0,0,0,0.74,5.65,15.73,34.68,10.82,0.73,1.35,1,1
0.751,0.586,1,2,0,1,0,0.41,17.64,11.83,-4.37,10.51,0.13,1.78,1,1
0.673,0.768,1,1,0,0,0,18.38,5.52,-9.93,36.78,-19.71,0.08,2.96,1,2
0.96,0.677,0,1,0,0,0,34.3,-8.52,14.97,-10.57,-23.96,0.13,3.13,0,1
0.688,0.832,1,1,0,0,0,-28.58,-24.23,-18.94,33.3,23.15,0.02,2.88,0,1
0.95,0.77,1,1,0,0,1,-27.6,-9.72,-6.18,21.49,21.15,0.63,5.11,0,1
0.569,0.566,1,3,0,0,0,5.12,-9.5,14.89,-38.48,8.78,0.01,2.11,0,2
0.861,0.69,1,1,0,0,1,32.91,18.56,-5.66,-35.93,18.52,0.33,3.24,0,1
0.763,0.765,1,2,0,0,1,-24.24,-22.52,6.46,-25.19,14.18,0.7,0.21,0,1
0.745,0.802,1,2,0,1,0,27.47,20.22,5.27,19.54,-21.61,0.09,4.01,0,1
0.566,0.596,1,1,0,0,0,-7.41,10.95,-17.08,-6.05,-7.62,0.25,0.81,0,1
0.568,0.836,1,2,0,0,1,-2.91,-9.35,12.89,13.07,-14.46,0.39,0.74,0,1
0.696,0.701,1,1,0,1,0,10.1,8.7,4.13,-28.04,-23.93,0.13,1.86,1,1
0.967,0.63,0,2,0,0,0,13.96,-3.55,-15.42,32.5,-15.34,0.71,3.7,0,1
0.822,0.904,0,1,0,0,0,-16.99,23.1,-3.03,10.95,-24.62,0.46,3.12,1,1
0.712,0.58,1,1,0,0,0,-12.38,-23.6,-13.55,10.21,-1.56,0.61,2.14,1,1
0.819,0.959,1,3,0,0,0,-15.65,-17.82,-0.66,38.72,-26.63,0.74,3.79,0,1
0.641,0.861,1,1,1,1,0,27.41,9.05,-16.65,-28.91,16.61,0.64,5.58,0,1
0.623,0.759,1,2,1,1,0,13.07,22.43,3.88,-21.98,24.31,0.27,0.03,0,1
0.709,0.555,1,2,0,0,0,-14.17,16.03,-7.76,6.93,-29.34,0.52,5.65,0,1
0.93,0.722,1,1,0,0,1,-27.65,-7.61,3.9,-28.5,22.94,0.39,5.68,1,1
0.774,0.834,1,2,0,0,1,-33.54,-9.89,18.94,11.28,-7.65,0.67,2.65,0,1
0.681,0.928,1,3,0,1,0,25.81,-17.93,10.35,9.2,2.12,0.12,5.06,1,1
0.968,0.822,1,3,0,0,0,-19.83,-0.98,-0.56,2.48,-6.5,0.39,1.24,0,1
0.909,0.725,1,1,0,0,0,-23.96,23.13,-4.02,-5.57,11.92,0.63,2.34,0,1
0.692,0.747,1,1,0,0,1,34.22,-20.93,1.49,26.58,0.74,0.44,1.29,0,1
0.978,0.934,1,3,0,0,1,-23.7,18.7,10.24,22.24,11.5,0.58,5.1,0,1
0.984,0.705,1,1,0,0,1,10.94,-13.92,2.75,8.64,-23.35,0.74,4.58,0,1
0.73,0.579,0,2,0,0,0,-19.78,-23.25,17.6,17.88,-1.61,0.46,4.87,1,1
0.839,0.745,0,1,0,1,0,8.17,-24.9,12.98,1.86,10.79,0.69,0.5,0,1
0.728,0.989,1,1,1,0,0,12.1,20.83,17.52,-28.76,-16.25,0.7,0.08,1,1
0.663,0.717,1,1,0,0,0,25.66,-1.94,-19.14,-27.41,-15.88,0.6,3.03,0,1
0.586,0.635,1,1,0,0,0,1.26,5.12,-18.95,-16.97,18.3,0.32,5.26,1,1
0.666,0.57,1,1,0,0,0,23.56,23.59,15.1,16.31,-7.83,0.09,4.8,0,1
0.669,0.625,1,3,0,0,0,-27.75,-1.75,16.55,-29.32,-1.1,0.04,2.91,0,1
0.725,0.693,1,2,0,0,0,-10.14,-6.44,6.96,2.1,15.98,0.31,0.29,0,1
0.631,0.803,1,1,0,1,0,-34.11,-4.58,-14.86,32.07,5.32,0.75,5.21,0,1
0.97,0.843,1,1,0,0,0,-9.08,13.87,-19.3,23.88,1.19,0.28,5.42,0,1
0.595,0.569,1,1,0,1,1,-32.22,-20.24,3.58,16.83,-17.17,0.11,4.55,0,1
0.825,0.962,1,2,0,1,0,32.88,11.98,-0.65,-22.92,0.53,0.06,0.08,0,1
0.744,0.654,1,3,0,0,0,6.86,-2.41,-6.68,19.68,-10.62,0.15,1.49,0,2
0.736,0.616,1,2,0,0,0,-6.66,-17.57,14.9,-33.99,10.69,0.35,0.58,0,1
0.714,0.784,1,3,0,0,1,5.97,-13.56,-8.05,-1.13,20.23,0.2,0.58,1,2
0.932,0.848,1,1,0,0,1,-8.45,-3.07,8.52,6.1,-27.48,0.34,2.43,1,1
0.673,0.685,1,2,0,0,0,-31.6,22.51,-11.72,18.34,4.78,0.4,1.55,0,1
0.559,0.845,1,3,0,0,0,21.27,23.56,-9.67,4.0,22.13,0.13,0.92,0,1
0.954,0.679,1,2,1,0,0,-24.55,-0.22,-6.38,3.9,-9.39,0.36,4.47,0,1
0.93,0.947,1,1,1,0,0,6.52,-18.66,-4.19,-7.73,15.45,0.37,4.04,1,1
0.672,0.938,1,2,0,0,0,-30.04,22.34,-1.25,28.0,-0.31,0.59,1.36,0,1
0.78,0.581,0,1,0,0,0,10.47,11.82,4.6,-27.78,5.19,0.56,4.29,1,1
0.598,0.616,1,1,0,0,0,-17.91,11.78,5.5,-7.47,29.93,0.58,2.66,1,1
0.591,0.857,1,3,0,0,0,20.74,-23.32,5.84,-18.78,0.67,0.47,3.4,0,1
0.918,0.55,1,1,0,0,1,26.63,8.04,-12.1,-20.68,-2.84,0.11,2.87,1,1
0.731,0.912,1,3,0,1,0,-11.86,-14.55,-16.23,-13.84,-12.54,0.4,4.03,0,1
0.841,0.707,1,1,0,0,0,3.49,23.01,17.0,14.92,-0.58,0.36,5.73,0,1
0.965,0.878,1,3,0,0,1,21.73,-24.08,15.48,-25.86,-22.17,0.56,1.64,0,1
0.658,0.569,1,2,0,0,0,-5.75,17.88,17.16,32.35,-18.91,0.63,3.11,0,1
0.556,0.642,1,2,1,0,1,-19.94,2.32,1.03,33.88,15.62,0.35,3.25,1,1
0.561,0.581,1,1,0,1,0,-33.46,2.06,12.68,-10.59,-16.22,0.45,4.44,0,1
0.862,0.629,1,1,0,0,0,12.44,19.7,-1.04,-15.64,-11.69,0.12,1.88,1,0
0.957,0.719,1,1,0,0,0,10.54,-24.58,4.47,17.39,-23.13,0.54,2.47,0,1
0.756,0.766,1,1,1,0,1,-23.8,23.74,13.28,5.86,-0.32,0.47,5.18,0,1
0.715,0.953,1,1,0,0,0,9.42,-15.6,15.66,-34.12,15.02,0.65,1.76,0,1
0.789,0.826,1,2,0,0,0,2.56,-19.58,6.79,29.27,12.46,0.23,2.29,1,2
0.928,0.861,0,3,1,0,0,-24.52,-11.11,-8.39,33.19,-0.44,0.23,1.66,1,1
0.837,0.586,1,1,0,0,1,-20.31,3.24,14.46,-29.74,-19.39,0.3,2.53,1,1
0.653,0.676,1,2,0,0,0,-1.99,-16.1,9.26,24.41,24.92,0.7,1.44,0,1
0.891,0.986,1,2,0,0,1,6.9,-10.63,-2.41,-6.33,20.08,0.71,0.08,0,1
0.609,0.797,1,3,0,0,0,14.08,5.87,-4.37,-35.85,15.76,0.59,4.08,0,1
0.623,0.897,1,1,0,0,0,-27.47,-11.64,-8.85,-36.47,-26.68,0.01,2.5,0,1
0.82,0.564,1,3,1,0,0,-13.97,2.86,0.08,26.38,-3.39,0.15,1.31,0,2
0.655,0.587,1,2,0,0,0,32.9,-10.53,-19.59,-24.8,8.74,0.45,4.63,0,1
0.86,0.598,1,2,0,0,1,26.05,-0.29,16.07,31.73,-8.7,0.11,4.79,1,1
0.704,0.557,1,2,0,0,1,31.34,-4.34,-14.97,-26.29,-3.26,0.57,3.36,0,1
0.672,0.956,1,3,0,1,0,-10.43,-8.53,-8.44,8.65,14.79,0.44,0.06,0,1
0.99,0.662,1,2,0,0,1,8.19,-15.04,17.38,-32.82,-13.12,0.55,3.95,1,1
0.568,0.988,1,2,0,0,0,26.52,-7.19,0.0,12.94,18.79,0.58,0.99,0,1
0.834,0.875,1,1,1,1,0,-25.75,16.5,7.22,-33.35,21.22,0.61,1.59,0,1
0.567,0.66,1,1,0,1,1,-31.06,6.36,-7.76,-4.22,-21.57,0.61,5.44,0,1
0.884,0.986,0,2,0,0,0,7.85,-21.12,7.57,30.22,25.78,0.21,2.58,0,2
0.651,0.932,0,1,1,0,0,4.03,5.74,-3.62,-27.19,26.1,0.21,1.68,0,2
0.59,0.623,1,1,0,0,0,18.06,-12.0,13.76,-30.21,-9.76,0.34,1.17,0,1
0.835,0.632,1,1,0,0,0,-23.15,-10.39,15.45,-0.13,0.14,0.09,4.65,0,1
0.872,0.849,1,1,0,0,0,20.76,-24.74,7.15,18.07,-7.67,0.24,0.38,0,1
0.848,0.584,1,1,0,1,0,22.71,-16.52,17.46,16.86,-2.9,0.54,2.78,0,1
0.573,0.807,1,1,0,0,1,-21.22,23.69,-4.1,-4.84,6.81,0.2,5.57,0,1
0.679,0.579,1,3,0,0,0,-8.66,-22.98,13.26,-17.02,-6.01,0.33,5.02,0,1
0.748,0.647,1,1,0,0,1,-6.26,-11.26,-8.89,-10.61,-5.59,0.69,3.65,0,1
0.676,0.967,1,1,0,0,1,-22.71,13.05,11.89,-17.71,-21.94,0.63,1.92,0,1
0.907,0.769,0,1,0,0,1,-14.85,5.43,-3.32,21.94,18.52,0.29,4.14,0,1
0.608,0.802,1,1,0,0,0,-22.14,1.41,9.21,-33.38,1.09,0.14,4.79,0,1
0.819,0.669,1,2,0,0,0,19.33,9.53,9.74,-21.36,-13.44,0.04,2.67,0,2
0.985,0.744,1,1,0,1,0,-1.33,15.88,-10.61,-27.89,-11.73,0.7,1.99,1,1
0.947,0.609,0,1,0,1,1,15.25,-18.69,11.58,-25.28,-27.42,0.3,3.46,0,1
0.648,0.777,1,1,0,0,0,25.17,8.61,-7.52,-28.48,-9.15,0.72,2.54,0,1
0.55,0.574,1,1,0,1,1,27.83,-2.43,-1.54,-3.54,-13.52,0.63,2.94,1,1
0.981,0.571,1,1,0,0,0,-32.79,-16.69,19.62,-38.71,8.94,0.51,0.3,0,1
0.938,0.849,1,3,0,0,1,3.95,7.31,-0.01,24.28,-9.2,0.25,4.55,1,1
0.955,0.574,1,3,0,0,0,32.09,-3.76,-15.59,37.02,-5.84,0.47,4.97,0,1
0.733,0.779,1,1,1,0,0,23.71,20.42,-11.77,-28.04,16.1,0.26,5.92,1,1
0.878,0.667,1,3,0,0,0,26.0,-14.62,-3.37,-23.23,16.86,0.73,5.58,0,1
0.644,0.633,1,1,0,0,0,-9.46,24.67,3.3,36.23,-5.88,0.53,4.23,0,1
0.723,0.802,1,1,0,1,0,14.56,-21.26,7.93,4.83,10.26,0.18,1.53,0,0
0.925,0.68,1,3,0,0,0,-1.31,12.45,-18.82,-34.73,-14.61,0.66,5.16,0,1
0.606,0.751,1,1,0,0,0,6.96,9.41,4.43,31.36,-27.86,0.46,4.43,0,1
0.943,0.611,1,1,0,0,1,13.68,21.04,-10.89,6.67,-25.13,0.14,0.92,0,0
0.768,0.606,1,1,0,0,0,8.48,-23.95,2.31,25.49,-21.71,0.43,4.68,0,1
0.737,0.597,1,1,0,0,1,13.53,-22.09,-8.01,15.07,-14.34,0.57,2.95,0,1
0.684,0.581,1,1,0,0,1,4.58,5.66,-6.8,-34.06,-12.14,0.5,5.7,1,1
0.953,0.794,1,1,1,0,1,-3.19,10.42,-16.49,-7.98,-16.4,0.43,1.28,0,1
0.778,0.883,0,3,1,0,0,-14.83,0.61,-7.22,-7.17,4.01,0.16,4.57,1,2
0.904,0.899,1,3,0,0,1,10.37,-11.11,-17.17,39.5,0.54,0.17,2.08,0,2
0.927,0.971,1,1,0,0,0,-9.56,16.25,0.04,-32.78,-4.1,0.51,5.78,0,1
0.956,0.624,1,2,0,1,0,21.77,5.41,2.5,-10.08,-15.33,0.12,2.93,1,1
0.683,0.61,1,1,0,0,0,15.79,4.91,-10.19,36.45,3.6,0.46,4.92,0,1
0.7,0.757,1,3,0,0,1,-10.73,-9.44,-15.97,36.36,-27.09,0.61,3.53,0,1
0.812,0.929,1,2,0,0,0,1.17,15.41,10.93,-34.01,4.09,0.58,2.26,0,1
0.744,0.888,1,1,1,0,0,-18.6,3.63,2.09,-24.08,27.66,0.2,0.49,0,2
0.96,0.796,1,1,0,0,0,29.72,-23.64,16.53,-33.43,18.68,0.16,3.46,0,1
0.725,0.619,1,1,1,0,0,-14.13,12.86,14.39,23.58,6.38,0.06,2.01,0,2
0.76,0.722,1,2,0,1,0,29.45,12.75,18.01,36.41,-10.61,0.26,1.92,0,1
0.822,0.867,1,2,0,0,0,-30.87,-11.46,-3.96,-14.96,25.84,0.43,5.18,0,1
0.728,0.714,1,2,0,1,0,-22.34,-23.0,3.54,-29.37,23.16,0.14,3.3,1,1
0.987,0.567,1,1,0,0,0,9.31,-2.65,-9.28,5.09,24.07,0.64,2.67,0,1
0.593,0.807,1,1,0,0,0,2.83,-5.47,7.68,-28.21,1.91,0.05,5.7,0,2
0.647,0.867,0,1,0,0,0,24.88,4.78,4.4,12.46,10.31,0.72,4.98,1,1
0.692,0.864,1,3,0,0,1,21.11,1.45,-13.48,11.02,6.5,0.39,1.34,1,1
0.615,0.623,1,1,0,0,1,-29.32,-7.92,-18.17,14.93,19.75,0.49,1.58,0,1
0.675,0.698,1,3,0,0,0,-14.98,-15.47,-19.3,18.75,-3.34,0.74,2.7,0,1
0.893,0.73,1,1,0,0,1,4.4,-11.83,-9.41,28.33,8.19,0.02,5.61,0,0
0.78,0.735,1,1,0,0,0,-19.56,0.49,18.87,10.03,12.78,0.31,0.35,0,1
0.565,0.6,1,1,0,1,0,22.32,8.38,-16.22,-28.34,-28.62,0.26,0.61,0,1
0.982,0.72,1,3,1,0,1,20.67,19.53,-11.27,-15.51,24.57,0.39,2.48,0,1
0.821,0.773,1,2,0,0,1,-11.82,9.74,-13.63,-33.56,21.1,0.44,0.81,0,1
0.576,0.863,1,1,0,1,0,29.67,-4.2,-5.43,1.37,21.63,0.0,4.06,0,1
0.841,0.801,1,1,0,0,0,12.34,21.72,-17.49,-25.82,-15.15,0.24,2.98,0,0
0.716,0.728,1,1,0,1,1,-15.45,-15.01,-1.38,36.81,-6.32,0.45,1.93,1,1
0.61,0.958,1,3,0,1,0,10.61,-24.8,7.15,9.11,27.87,0.05,2.3,1,1
0.798,0.813,1,2,0,0,1,-5.34,5.61,-5.78,-35.66,-4.41,0.54,3.85,0,1
0.87,0.979,1,2,0,1,1,-34.37,-22.18,6.96,3.3,16.15,0.28,2.45,0,1
0.845,0.932,1,3,0,0,1,7.04,17.39,11.76,13.18,4.78,0.14,1.53,0,2
0.659,0.846,1,1,0,0,0,-27.01,4.83,17.02,1.64,22.23,0.35,0.07,0,1
0.781,0.946,1,2,0,1,0,-19.44,8.18,-7.55,-38.02,26.27,0.38,3.93,0,1
0.787,0.986,1,3,1,0,0,16.95,-23.04,13.63,5.19,-0.53,0.43,5.02,0,1
0.865,0.647,1,2,0,0,0,14.95,23.05,10.67,22.73,10.67,0.66,0.26,0,1
0.708,0.854,1,1,0,1,1,-34.08,0.16,18.2,4.66,-3.68,0.29,5.37,0,1
0.901,0.954,1,3,0,1,0,-7.76,-11.88,-13.93,28.65,19.83,0.07,4.57,0,1
0.826,0.558,1,3,0,1,1,-5.68,-12.06,16.76,-14.62,11.64,0.71,3.75,1,1
0.567,0.902,1,3,1,0,1,-10.13,17.5,11.41,-16.07,-0.1,0.48,2.69,0,1
0.79,0.589,1,1,0,0,0,6.8,15.04,4.99,-17.68,7.5,0.54,4.61,0,1
0.929,0.953,1,2,0,0,1,-8.22,-3.77,-10.19,0.3,18.0,0.48,0.85,1,1
0.8,0.819,1,2,0,0,1,-33.0,8.62,7.47,14.05,9.07,0.17,0.19,0,1
0.627,0.621,1,1,1,0,0,20.9,15.6,2.22,38.63,-14.92,0.41,2.35,0,1
0.775,0.567,1,2,0,0,0,2.84,-8.75,-9.95,-9.79,17.42,0.29,1.09,0,1
0.883,0.914,1,3,0,0,0,-31.22,21.78,-10.64,37.72,-17.94,0.44,5.23,0,1
0.598,0.611,0,3,0,0,0,-7.26,-13.38,-1.32,-28.4,7.41,0.41,0.94,1,1
0.91,0.963,1,3,0,0,0,25.39,-5.2,-6.65,-25.38,-17.02,0.67,2.88,0,1
0.624,0.59,1,3,0,0,0,1.81,11.97,-6.61,5.97,22.89,0.28,3.69,0,1
0.785,0.919,1,1,0,1,0,15.33,-0.57,16.49,13.97,-24.33,0.57,3.36,0,1
0.72,0.736,1,2,0,0,0,6.59,6.22,13.73,-10.3,-7.93,0.28,0.41,0,1
0.659,0.934,1,2,0,0,0,3.59,13.19,-14.06,-4.07,8.23,0.1,0.27,0,2
0.835,0.888,1,1,0,0,1,18.56,20.21,-19.65,13.7,19.79,0.5,3.08,0,1
0.566,0.925,1,2,0,0,1,11.19,-3.08,15.81,-6.12,29.33,0.26,2.97,0,1
0.884,0.757,1,1,0,0,0,-25.1,-17.31,-3.72,-17.8,18.49,0.28,0.33,0,1
0.782,0.864,1,1,0,0,0,30.51,-13.26,10.72,-21.43,-20.79,0.07,5.29,0,1
0.935,0.69,1,3,0,1,0,21.03,-6.42,-18.2,-22.68,25.67,0.37,5.69,0,1
0.779,0.571,0,2,0,0,0,22.31,23.35,-15.3,15.98,-16.2,0.59,1.43,0,1
0.565,0.652,1,1,0,0,0,11.74,2.27,-4.16,2.91,-24.43,0.69,4.56,1,1
0.613,0.551,1,2,0,1,1,11.87,-9.8,9.12,34.8,-11.03,0.15,0.66,0,1
0.9,0.71,0,2,0,1,0,-27.89,-7.65,-6.92,-29.87,-18.69,0.44,5.36,0,1
0.766,0.767,1,1,1,0,1,-2.42,13.95,8.72,-2.71,-5.54,0.5,0.9,0,1
0.744,0.559,1,2,0,0,0,25.68,8.71,-17.44,33.45,10.33,0.49,0.91,0,1
0.69,0.553,1,1,0,0,0,-8.29,16.06,3.89,11.25,24.02,0.18,4.93,0,2
0.675,0.852,1,1,0,0,0,-6.13,21.86,-18.76,0.96,5.79,0.73,5.65,0,1
0.975,0.594,1,3,0,1,0,-23.33,-24.49,-19.0,-5.0,10.92,0.7,5.46,0,1
0.741,0.582,1,1,0,0,0,-27.18,-19.59,-10.35,-0.6,-12.35,0.06,5.0,0,1
0.939,0.768,1,1,0,0,1,-9.24,-18.87,11.35,15.94,-5.07,0.61,1.47,0,1
0.835,0.866,1,1,0,1,0,26.82,-13.72,-11.55,8.17,-4.16,0.73,2.75,0,1
0.928,0.98,1,1,0,0,0,-23.58,-15.35,-8.55,-19.99,-0.69,0.24,1.82,0,1
0.925,0.68,1,1,0,1,0,8.1,13.49,13.6,35.66,-15.06,0.18,5.08,1,0
0.971,0.602,1,1,0,0,0,-29.25,-2.05,-14.4,-26.14,-25.34,0.33,3.48,1,1
0.857,0.58,1,1,1,0,0,-21.33,23.67,-14.94,-39.91,-21.6,0.71,4.12,1,1
0.904,0.641,1,2,0,0,0,12.06,17.02,8.78,5.72,-13.55,0.18,0.36,0,2
0.873,0.594,1,1,0,0,0,11.04,-16.55,5.61,31.88,-19.08,0.42,5.36,0,1
0.816,0.551,1,1,1,0,1,28.42,19.42,-6.77,-28.92,23.18,0.56,2.2,0,1
0.866,0.675,1,1,0,0,1,-24.38,19.38,18.47,26.58,17.4,0.45,3.91,0,1
0.865,0.622,1,1,0,1,0,13.73,-17.04,7.17,-26.9,-16.64,0.28,2.31,0,1
0.568,0.558,1,1,0,1,0,29.02,9.67,1.99,-10.15,-9.68,0.42,3.52,1,1
0.777,0.706,0,1,0,0,0,8.73,22.83,-10.63,-17.94,13.14,0.51,0.91,1,1
0.899,0.913,1,1,0,1,1,6.62,6.11,-18.58,2.7,-13.26,0.64,2.9,0,1
0.657,0.684,1,1,1,0,0,-24.29,0.8,7.5,32.35,-23.76,0.48,0.58,0,1
0.755,0.862,1,1,0,0,0,-19.73,-12.66,6.62,24.8,28.63,0.0,3.73,0,0
0.741,0.871,1,1,1,0,0,4.98,9.86,16.38,39.09,-12.46,0.73,2.37,0,1
0.727,0.561,1,2,0,0,0,-31.0,21.6,-8.83,-17.27,-15.81,0.53,2.34,1,1
0.604,0.973,1,1,0,0,1,28.29,10.85,-9.94,-32.69,20.01,0.72,3.39,0,1
0.781,0.611,1,1,0,0,0,-5.79,17.98,19.53,-34.57,13.04,0.28,5.04,0,1
0.746,0.866,1,1,0,0,0,11.26,10.95,8.63,11.63,29.51,0.12,0.51,0,0
0.842,0.717,1,3,0,0,0,-2.93,22.05,19.8,36.68,-7.63,0.42,1.2,1,1
0.792,0.932,1,1,1,1,0,20.21,-8.44,10.19,-2.7,-10.98,0.68,0.54,1,1
0.562,0.988,1,1,0,0,1,8.3,18.14,-3.05,-22.72,-9.51,0.46,2.66,0,1
0.564,0.635,1,3,0,0,0,7.05,-10.94,-19.31,-23.94,-18.62,0.42,4.31,0,1
